<?xml version="1.0" encoding="UTF-8"?>
<taskDefinition id="kinetic_request_ce_submission_create" name="Kinetic Request CE Submission Create" schema_version="1.0" version="1">
    <author>support@kineticdata.com</author>
    <description>
        Creates a Submission record in Kinetic Core for the specified space.
    </description>
    <helpurl></helpurl>
    <visible>true</visible>
    <deferrable>false</deferrable>
    <parameters>
        <parameter id="space_slug" label="Space Slug" required="false"
          tooltip="The Space the submission is being retrieved from."/>
        <parameter id="kapp_slug" label="Kapp Slug:" required="true"
            tooltip="The slug of the Kapp the submission is for."/>
        <parameter id="form_slug" label="Form Slug:" required="true"
            tooltip="The slug of the form the submission is for."/>
        <parameter id="values" label="Values:" required="false"
            tooltip="JSON map of submission field values."/>
        <parameter id="current_page_name" label="Current Page Name:" required="false"
            tooltip="Set the current page name."/>
        <parameter id="current_page_navigation" label="Current Page Navigation:" required="false"
            tooltip="Set the current page navigation."/>
        <parameter id="origin_id" label="Origin ID:" required="false"
            tooltip="Set the origin ID."/>
        <parameter id="parent_id" label="Parent ID:" required="false"
            tooltip="Set the parent ID."/>
    </parameters>
    <handler name="kinetic_request_ce_submission_create" version="1">
        <infos>
            <info name="api_password">&lt;%= @info['api_password'] %&gt;</info>
            <info name="api_server">&lt;%= @info['api_server'] %&gt;</info>
            <info name="api_username">&lt;%= @info['api_username'] %&gt;</info>
            <info name="space_slug">&lt;%= @info['space_slug'] %&gt;</info>
        </infos>
        <parameters>
            <parameter name="space_slug">&lt;%= @parameters['space_slug'] %&gt;</parameter>
            <parameter name="kapp_slug">&lt;%= @parameters['kapp_slug'] %&gt;</parameter>
            <parameter name="form_slug">&lt;%= @parameters['form_slug'] %&gt;</parameter>
            <parameter name="current_page_name">&lt;%= @parameters['current_page_name'] %&gt;</parameter>
            <parameter name="current_page_navigation">&lt;%= @parameters['current_page_navigation'] %&gt;</parameter>
            <parameter name="origin_id">&lt;%= @parameters['origin_id'] %&gt;</parameter>
            <parameter name="parent_id">&lt;%= @parameters['parent_id'] %&gt;</parameter>
            <parameter name="values">&lt;%= @parameters['values'] %&gt;</parameter>
        </parameters>
    </handler>
    <results format="xml">
        <result name="submissionId"/>
    </results>
</taskDefinition>