<?xml version="1.0" encoding="UTF-8"?>
<taskDefinition id="kinetic_request_ce_submission_update" name="Kinetic Request CE Submission Update" schema_version="1.0" version="1">
    <author>support@kineticdata.com</author>
    <description>
        Updates a Submission record in Kinetic Request CE for the specified space.
    </description>
    <helpurl></helpurl>
    <visible>true</visible>
    <deferrable>false</deferrable>
    <parameters>
        <parameter id="space_slug" label="Space Slug" required="false"
          tooltip="The Space the submission is being retrieved from."/>
        <parameter id="submission_id" label="Submission Id" required="true"
          tooltip="The id of the submission being updated."/>
        <parameter id="state" label="State" required="false"
            tooltip="The value used to set the submission state."/>
        <parameter id="values" label="Values" required="false"
            tooltip="A JSON map of field names to values that should be set."/>
        <parameter id="current_page_name" label="Current Page Name:" required="false"
            tooltip="Set the current page name."/>
        <parameter id="current_page_navigation" label="Current Page Navigation:" required="false"
            tooltip="Set the current page navigation."/>
        <parameter id="origin_id" label="Origin ID:" required="false"
            tooltip="Set the origin ID."/>
        <parameter id="parent_id" label="Parent ID:" required="false"
            tooltip="Set the parent ID."/>
    </parameters>
    <handler name="kinetic_request_ce_submission_update" version="1">
        <infos>
            <info name="api_password">&lt;%= @info['api_password'] %&gt;</info>
            <info name="api_server">&lt;%= @info['api_server'] %&gt;</info>
            <info name="api_username">&lt;%= @info['api_username'] %&gt;</info>
            <info name="space_slug">&lt;%= @info['space_slug'] %&gt;</info>
        </infos>
        <parameters>
            <parameter name="space_slug">&lt;%= @parameters['space_slug'] %&gt;</parameter>
            <parameter name="submission_id">&lt;%= @parameters['submission_id'] %&gt;</parameter>
            <parameter name="current_page_name">&lt;%= @parameters['current_page_name'] %&gt;</parameter>
            <parameter name="current_page_navigation">&lt;%= @parameters['current_page_navigation'] %&gt;</parameter>
            <parameter name="origin_id">&lt;%= @parameters['origin_id'] %&gt;</parameter>
            <parameter name="parent_id">&lt;%= @parameters['parent_id'] %&gt;</parameter>
            <parameter name="state">&lt;%= @parameters['state'] %&gt;</parameter>
            <parameter name="values">&lt;%= @parameters['values'] %&gt;</parameter>
        </parameters>
    </handler>
    <results format="xml"/>
</taskDefinition>
