<?xml version="1.0" encoding="UTF-8"?>
<taskDefinition id="kinetic_request_ce_submission_delete" name="Kinetic Request CE Submission Delete" schema_version="1.0" version="1">
    <author>support@kineticdata.com</author>
    <description>
        Deletes a Submission record in Kinetic Request CE for the specified space.
    </description>
    <helpurl></helpurl>
    <visible>true</visible>
    <deferrable>false</deferrable>
    <parameters>
        <parameter id="space_slug" label="Space Slug" required="false"
          tooltip="The Space the submission is being retrieved from."/>
        <parameter id="submission_id" label="Submission Id" required="true"
          tooltip="The id of the submission being deleted."/>
    </parameters>
    <handler name="kinetic_request_ce_submission_delete" version="1">
        <infos>
            <info name="api_password">&lt;%= @info['api_password'] %&gt;</info>
            <info name="api_server">&lt;%= @info['api_server'] %&gt;</info>
            <info name="api_username">&lt;%= @info['api_username'] %&gt;</info>
            <info name="space_slug">&lt;%= @info['space_slug'] %&gt;</info>
        </infos>
        <parameters>
            <parameter name="space_slug">&lt;%= @parameters['space_slug'] %&gt;</parameter>
            <parameter name="submission_id">&lt;%= @parameters['submission_id'] %&gt;</parameter>
        </parameters>
    </handler>
    <results format="xml"/>
</taskDefinition>
