<?xml version="1.0" encoding="UTF-8"?>
<taskDefinition id="kinetic_request_ce_kapp_form_submission_search" name="Kinetic Request CE Kapp Form Submission Search" schema_version="1.0" version="1">
    <author>support@kineticdata.com</author>
    <description>
        Searchs a form's submissions in Kinetic Request CE for the specified space.
    </description>
    <helpurl></helpurl>
    <visible>false</visible>
    <deferrable>false</deferrable>
    <parameters>
        <parameter id="space_slug" label="Space Slug" required="false"
          tooltip="The Space the submission is being retrieved from."/>
        <parameter id="kapp_slug" label="Kapp Slug:" required="true"
            tooltip="The slug of the Kapp the form is for."/>
        <parameter id="form_slug" label="Form Slug:" required="true"
            tooltip="The id of the form being retrieved."/>
        <parameter id="query" label="Query:" required="false"
            tooltip="The query that will be used to search the submissions. Ex: values[company]=Kinetic"/>
        <parameter id="return_type" label="Return Type:" required="true"
            tooltip="The return type of the results." menu="JSON,XML,ID List"/>
    </parameters>
    <handler name="kinetic_request_ce_kapp_form_submission_search" version="1">
        <infos>
            <info name="api_password">&lt;%= @info['api_password'] %&gt;</info>
            <info name="api_server">&lt;%= @info['api_server'] %&gt;</info>
            <info name="api_username">&lt;%= @info['api_username'] %&gt;</info>
            <info name="space_slug">&lt;%= @info['space_slug'] %&gt;</info>
        </infos>
        <parameters>
            <parameter name="space_slug">&lt;%= @parameters['space_slug'] %&gt;</parameter>
            <parameter name="form_slug">&lt;%= @parameters['form_slug'] %&gt;</parameter>
            <parameter name="kapp_slug">&lt;%= @parameters['kapp_slug'] %&gt;</parameter>
            <parameter name="query">&lt;%= @parameters['query'] %&gt;</parameter>
            <parameter name="return_type">&lt;%= @parameters['return_type'] %&gt;</parameter>
        </parameters>
    </handler>
    <results format="xml">
        <result name="count"/>
        <result name="result"/>
    </results>
</taskDefinition>
