<?xml version="1.0" encoding="UTF-8"?>
<taskDefinition id="kinetic_request_ce_space_update" name="Kinetic Request CE Space Update" schema_version="1.0" version="1">
    <author>support@kineticdata.com</author>
    <description>
        Retrieves a Space record in Kinetic Request CE.
    </description>
    <helpurl></helpurl>
    <visible>true</visible>
    <deferrable>false</deferrable>
    <parameters>
        <parameter id="space_slug" label="Space Slug" required="false"
          tooltip="The Space the submission is being retrieved from."/>
        <parameter id="new_space_slug" label="New Space Slug" required="false"
          tooltip="The new Space slug (if updating the space slug)"/>
        <parameter id="new_space_name" label="New Space Name" required="false"
          tooltip="The new Space name (if updating the space name)"/>
        <parameter id="attributes" label="Attributes" required="false"
            tooltip="A JSON array of the attributes to update / create. Ex. [{'name': 'Attribute Name','values': ['Attr Value 1']}]"/>
        <parameter id="bundle_path" label="Bundle Path" required="false"
            tooltip="The new bundle path (if applicable)"/>
    </parameters>
    <handler name="kinetic_request_ce_space_update" version="1">
        <infos>
            <info name="api_password">&lt;%= @info['api_password'] %&gt;</info>
            <info name="api_server">&lt;%= @info['api_server'] %&gt;</info>
            <info name="api_username">&lt;%= @info['api_username'] %&gt;</info>
            <info name="space_slug">&lt;%= @info['space_slug'] %&gt;</info>
        </infos>
        <parameters>
            <parameter name="space_slug">&lt;%= @parameters['space_slug'] %&gt;</parameter>
            <parameter name="new_space_slug">&lt;%= @parameters['new_space_slug'] %&gt;</parameter>
            <parameter name="new_space_name">&lt;%= @parameters['new_space_name'] %&gt;</parameter>
            <parameter name="attributes">&lt;%= @parameters['attributes'] %&gt;</parameter>
            <parameter name="bundle_path">&lt;%= @parameters['bundle_path'] %&gt;</parameter>
        </parameters>
    </handler>
    <results format="xml"/>
</taskDefinition>
