<?xml version="1.0" encoding="UTF-8"?>
<taskDefinition id="kinetic_request_ce_form_retrieve" name="Kinetic Request CE Form Retrieve" schema_version="1.0" version="1">
    <author>support@kineticdata.com</author>
    <description>
        Retrieves a form record in Kinetic Request CE for the specified space.
    </description>
    <helpurl></helpurl>
    <visible>true</visible>
    <deferrable>false</deferrable>
    <parameters>
        <parameter id="space_slug" label="Space Slug" required="false"
          tooltip="The Space the submission is being retrieved from."/>
        <parameter id="kapp_slug" label="Kapp Slug:" required="true"
            tooltip="The slug of the Kapp the form is for."/>
        <parameter id="form_slug" label="Form Slug:" required="true"
          tooltip="The id of the form being retrieved."/>
    </parameters>
    <handler name="kinetic_request_ce_form_retrieve" version="1">
        <infos>
            <info name="api_password">&lt;%= @info['api_password'] %&gt;</info>
            <info name="api_server">&lt;%= @info['api_server'] %&gt;</info>
            <info name="api_username">&lt;%= @info['api_username'] %&gt;</info>
            <info name="space_slug">&lt;%= @info['space_slug'] %&gt;</info>
        </infos>
        <parameters>
            <parameter name="space_slug">&lt;%= @parameters['space_slug'] %&gt;</parameter>
            <parameter name="form_slug">&lt;%= @parameters['form_slug'] %&gt;</parameter>
            <parameter name="kapp_slug">&lt;%= @parameters['kapp_slug'] %&gt;</parameter>
        </parameters>
    </handler>
    <results format="xml">
        <result name="name"/>
        <result name="slug"/>
        <result name="description"/>
        <result name="createdAt"/>
        <result name="createdBy"/>
        <result name="updatedAt"/>
        <result name="updatedBy"/>
        <result name="notes"/>
        <result name="secure"/>
        <result name="attributes"/>
        <result name="fields"/>
    </results>
</taskDefinition>