<?xml version="1.0" encoding="UTF-8"?>
<taskDefinition id="kinetic_request_ce_user_create" name="Kinetic Request CE User Create" schema_version="1.0" version="1">
    <author>support@kineticdata.com</author>
    <description>
        Creates a User record in Kinetic Request CE for the specified space.
	</description>
    <helpurl></helpurl>
    <visible>true</visible>
    <deferrable>false</deferrable>
    <parameters>
        <parameter id="space_slug" label="Space Slug" required="false"
          tooltip="The Space the submission is being retrieved from."/>
        <parameter id="username" label="Username:" required="true"
		  tooltip="The unique username for the user."/>
        <parameter id="password" label="Password:" required="true"
  		  tooltip="The password for this user record."/>
        <parameter id="spaceAdmin" label="Space Admin:" required="true"
          tooltip="Should the user have space administration rights. (Yes / No)">Yes</parameter>
        <parameter id="email" label="Email:" required="false"
          tooltip="The email address for this user record."/>
        <parameter id="displayName" label="Displayed Name:" required="false"
          tooltip="The displayed name for this user record."/>
    </parameters>
    <handler name="kinetic_request_ce_user_create" version="1">
        <infos>
            <info name="api_password">&lt;%= @info['api_password'] %&gt;</info>
            <info name="api_server">&lt;%= @info['api_server'] %&gt;</info>
            <info name="api_username">&lt;%= @info['api_username'] %&gt;</info>
            <info name="space_slug">&lt;%= @info['space_slug'] %&gt;</info>
        </infos>
        <parameters>
            <parameter name="space_slug">&lt;%= @parameters['space_slug'] %&gt;</parameter>
            <parameter name="password">&lt;%= @parameters['password'] %&gt;</parameter>
			<parameter name="username">&lt;%= @parameters['username'] %&gt;</parameter>
            <parameter name="spaceAdmin">&lt;%= @parameters['spaceAdmin'] %&gt;</parameter>
            <parameter name="email">&lt;%= @parameters['email'] %&gt;</parameter>
            <parameter name="displayName">&lt;%= @parameters['displayName'] %&gt;</parameter>
        </parameters>
    </handler>
    <results format="xml">
        <result name="username"/>
    </results>
</taskDefinition>
