<?xml version="1.0" encoding="UTF-8"?>
<taskDefinition id="kinetic_request_ce_space_retrieve" name="Kinetic Request CE Space Retrieve" schema_version="1.0" version="1">
    <author>support@kineticdata.com</author>
    <description>
        Retrieves a Space record in Kinetic Request CE.
    </description>
    <helpurl></helpurl>
    <visible>true</visible>
    <deferrable>false</deferrable>
    <parameters>
        <parameter id="space_slug" label="Space Slug" required="false"
          tooltip="The Space the submission is being retrieved from."/>
    </parameters>
    <handler name="kinetic_request_ce_space_retrieve" version="1">
        <infos>
            <info name="api_password">&lt;%= @info['api_password'] %&gt;</info>
            <info name="api_server">&lt;%= @info['api_server'] %&gt;</info>
            <info name="api_username">&lt;%= @info['api_username'] %&gt;</info>
            <info name="space_slug">&lt;%= @info['space_slug'] %&gt;</info>
        </infos>
        <parameters>
            <parameter name="space_slug">&lt;%= @parameters['space_slug'] %&gt;</parameter>
        </parameters>
    </handler>
    <results format="xml">
        <result name="name"/>
        <result name="slug"/>
        <result name="createdAt"/>
        <result name="createdBy"/>
        <result name="updatedAt"/>
        <result name="updatedBy"/>
        <result name="attributes"/>
    </results>
</taskDefinition>
